production_id,date,time,turbine_name,capacity,location_name,latitude,longitude,region,status,responsible_department,wind_speed,wind_direction,energy_produced
17281,2024-07-11,00-00-00,Turbine A,2200,Location 1,34.0522,-118.2437,Region A,Online,Operations,11.08539,W,933.48007
17282,2024-07-11,00-00-00,Turbine B,2000,Location 2,36.7783,-119.4179,Region B,Online,Operations,12.54302,SW,1803.93533
17283,2024-07-11,00-00-00,Turbine C,2500,Location 3,40.7128,-74.006,Region C,Online,Operations,2.44924,E,1487.02794
17284,2024-07-11,00-10-00,Turbine A,2200,Location 1,34.0522,-118.2437,Region A,Inspection,Maintenance,19.75969,W,0.0
17285,2024-07-11,00-10-00,Turbine B,2000,Location 2,36.7783,-119.4179,Region B,Online,Operations,12.34515,W,1826.52888
17286,2024-07-11,00-10-00,Turbine C,2500,Location 3,40.7128,-74.006,Region C,Online,Operations,21.1173,W,1292.9785
17287,2024-07-11,00-20-00,Turbine A,2200,Location 1,34.0522,-118.2437,Region A,Online,Operations,10.56277,E,1804.80463
17288,2024-07-11,00-20-00,Turbine B,2000,Location 2,36.7783,-119.4179,Region B,Online,Operations,21.63126,NW,1672.73501
17289,2024-07-11,00-20-00,Turbine C,2500,Location 3,40.7128,-74.006,Region C,Online,Operations,4.83392,SW,1063.19363
17290,2024-07-11,00-30-00,Turbine A,2200,Location 1,34.0522,-118.2437,Region A,Online,Operations,18.39109,S,985.91662
17291,2024-07-11,00-30-00,Turbine B,2000,Location 2,36.7783,-119.4179,Region B,Online,Operations,22.95749,NE,1390.64648
17292,2024-07-11,00-30-00,Turbine C,2500,Location 3,40.7128,-74.006,Region C,Reactive Maintenance,Maintenance,2.67322,NE,0.0
17293,2024-07-11,00-40-00,Turbine A,2200,Location 1,34.0522,-118.2437,Region A,Online,Operations,20.48194,S,1520.1272
17294,2024-07-11,00-40-00,Turbine B,2000,Location 2,36.7783,-119.4179,Region B,Online,Operations,13.02513,E,1697.21997
17295,2024-07-11,00-40-00,Turbine C,2500,Location 3,40.7128,-74.006,Region C,Online,Operations,24.58047,W,1122.67825
17296,2024-07-11,00-50-00,Turbine A,2200,Location 1,34.0522,-118.2437,Region A,Online,Operations,17.15658,SE,549.35832
17297,2024-07-11,00-50-00,Turbine B,2000,Location 2,36.7783,-119.4179,Region B,Online,Operations,12.89188,W,1757.40089
17298,2024-07-11,00-50-00,Turbine C,2500,Location 3,40.7128,-74.006,Region C,Online,Operations,6.11716,N,1068.61735
17299,2024-07-11,01-00-00,Turbine A,2200,Location 1,34.0522,-118.2437,Region A,Online,Operations,24.34884,W,936.71819
17300,2024-07-11,01-00-00,Turbine B,2000,Location 2,36.7783,-119.4179,Region B,Online,Operations,6.8306,NW,1981.02911
17301,2024-07-11,01-00-00,Turbine C,2500,Location 3,40.7128,-74.006,Region C,Online,Operations,2.76383,E,813.4891
17302,2024-07-11,01-10-00,Turbine A,2200,Location 1,34.0522,-118.2437,Region A,Online,Operations,19.97887,S,1168.231
17303,2024-07-11,01-10-00,Turbine B,2000,Location 2,36.7783,-119.4179,Region B,Online,Operations,5.05161,N,1329.40017
17304,2024-07-11,01-10-00,Turbine C,2500,Location 3,40.7128,-74.006,Region C,Online,Operations,4.22091,E,1148.09273
17305,2024-07-11,01-20-00,Turbine A,2200,Location 1,34.0522,-118.2437,Region A,Online,Operations,21.84187,W,1463.67485
17306,2024-07-11,01-20-00,Turbine B,2000,Location 2,36.7783,-119.4179,Region B,Online,Operations,18.26103,NE,959.09385
17307,2024-07-11,01-20-00,Turbine C,2500,Location 3,40.7128,-74.006,Region C,Online,Operations,10.85837,NW,895.11575
17308,2024-07-11,01-30-00,Turbine A,2200,Location 1,34.0522,-118.2437,Region A,Online,Operations,5.2607,N,1204.96233
17309,2024-07-11,01-30-00,Turbine B,2000,Location 2,36.7783,-119.4179,Region B,Online,Operations,11.78049,S,1305.0081
17310,2024-07-11,01-30-00,Turbine C,2500,Location 3,40.7128,-74.006,Region C,Online,Operations,20.54086,SW,1707.90739
17311,2024-07-11,01-40-00,Turbine A,2200,Location 1,34.0522,-118.2437,Region A,Online,Operations,3.37285,SW,1925.45422
17312,2024-07-11,01-40-00,Turbine B,2000,Location 2,36.7783,-119.4179,Region B,Online,Operations,24.82389,S,1284.32037
17313,2024-07-11,01-40-00,Turbine C,2500,Location 3,40.7128,-74.006,Region C,Online,Operations,16.84775,S,989.19421
17314,2024-07-11,01-50-00,Turbine A,2200,Location 1,34.0522,-118.2437,Region A,Online,Operations,24.85052,SE,1443.04377
17315,2024-07-11,01-50-00,Turbine B,2000,Location 2,36.7783,-119.4179,Region B,Online,Operations,19.46422,W,918.75431
17316,2024-07-11,01-50-00,Turbine C,2500,Location 3,40.7128,-74.006,Region C,Online,Operations,8.46313,SE,657.22398
17317,2024-07-11,02-00-00,Turbine A,2200,Location 1,34.0522,-118.2437,Region A,Online,Operations,14.54727,NE,593.79341
17318,2024-07-11,02-00-00,Turbine B,2000,Location 2,36.7783,-119.4179,Region B,Online,Operations,14.6889,E,1555.57823
17319,2024-07-11,02-00-00,Turbine C,2500,Location 3,40.7128,-74.006,Region C,Online,Operations,10.6804,SE,1461.9556
17320,2024-07-11,02-10-00,Turbine A,2200,Location 1,34.0522,-118.2437,Region A,Reactive Maintenance,Maintenance,11.88805,N,0.0
17321,2024-07-11,02-10-00,Turbine B,2000,Location 2,36.7783,-119.4179,Region B,Online,Operations,14.84577,W,936.55761
17322,2024-07-11,02-10-00,Turbine C,2500,Location 3,40.7128,-74.006,Region C,Online,Operations,17.66869,SW,825.30847
17323,2024-07-11,02-20-00,Turbine A,2200,Location 1,34.0522,-118.2437,Region A,Online,Operations,19.76535,SE,1137.43243
17324,2024-07-11,02-20-00,Turbine B,2000,Location 2,36.7783,-119.4179,Region B,Online,Operations,4.1724,SW,749.88247
17325,2024-07-11,02-20-00,Turbine C,2500,Location 3,40.7128,-74.006,Region C,Online,Operations,9.85453,N,924.79529
17326,2024-07-11,02-30-00,Turbine A,2200,Location 1,34.0522,-118.2437,Region A,Online,Operations,5.23581,SE,938.99415
17327,2024-07-11,02-30-00,Turbine B,2000,Location 2,36.7783,-119.4179,Region B,Online,Operations,17.88434,SE,857.1449
17328,2024-07-11,02-30-00,Turbine C,2500,Location 3,40.7128,-74.006,Region C,Reactive Maintenance,Maintenance,9.67725,SW,0.0
17329,2024-07-11,02-40-00,Turbine A,2200,Location 1,34.0522,-118.2437,Region A,Online,Operations,6.65669,N,1560.66927
17330,2024-07-11,02-40-00,Turbine B,2000,Location 2,36.7783,-119.4179,Region B,Online,Operations,9.14337,W,1025.78972
17331,2024-07-11,02-40-00,Turbine C,2500,Location 3,40.7128,-74.006,Region C,Online,Operations,23.10602,E,1664.7155
17332,2024-07-11,02-50-00,Turbine A,2200,Location 1,34.0522,-118.2437,Region A,Online,Operations,22.61555,E,1255.07009
17333,2024-07-11,02-50-00,Turbine B,2000,Location 2,36.7783,-119.4179,Region B,Online,Operations,20.83223,S,1872.12134
17334,2024-07-11,02-50-00,Turbine C,2500,Location 3,40.7128,-74.006,Region C,Online,Operations,11.42528,S,550.49011
17335,2024-07-11,03-00-00,Turbine A,2200,Location 1,34.0522,-118.2437,Region A,Reactive Maintenance,Maintenance,7.99158,SE,0.0
17336,2024-07-11,03-00-00,Turbine B,2000,Location 2,36.7783,-119.4179,Region B,Online,Operations,17.87659,S,1823.30063
17337,2024-07-11,03-00-00,Turbine C,2500,Location 3,40.7128,-74.006,Region C,Online,Operations,19.28233,NE,1878.6305
17338,2024-07-11,03-10-00,Turbine A,2200,Location 1,34.0522,-118.2437,Region A,Online,Operations,7.25601,E,1300.61644
17339,2024-07-11,03-10-00,Turbine B,2000,Location 2,36.7783,-119.4179,Region B,Online,Operations,10.71342,W,1609.03795
17340,2024-07-11,03-10-00,Turbine C,2500,Location 3,40.7128,-74.006,Region C,Online,Operations,2.52788,SW,851.37358
17341,2024-07-11,03-20-00,Turbine A,2200,Location 1,34.0522,-118.2437,Region A,Online,Operations,23.18987,W,1631.13563
17342,2024-07-11,03-20-00,Turbine B,2000,Location 2,36.7783,-119.4179,Region B,Online,Operations,6.46329,SW,1521.07834
17343,2024-07-11,03-20-00,Turbine C,2500,Location 3,40.7128,-74.006,Region C,Reactive Maintenance,Maintenance,6.09409,E,0.0
17344,2024-07-11,03-30-00,Turbine A,2200,Location 1,34.0522,-118.2437,Region A,Online,Operations,18.72369,SE,520.19339
17345,2024-07-11,03-30-00,Turbine B,2000,Location 2,36.7783,-119.4179,Region B,Online,Operations,19.74511,N,506.39767
17346,2024-07-11,03-30-00,Turbine C,2500,Location 3,40.7128,-74.006,Region C,Online,Operations,24.2974,SW,875.31175
17347,2024-07-11,03-40-00,Turbine A,2200,Location 1,34.0522,-118.2437,Region A,Online,Operations,11.53077,SE,1072.90861
17348,2024-07-11,03-40-00,Turbine B,2000,Location 2,36.7783,-119.4179,Region B,Online,Operations,8.76027,W,1506.67233
17349,2024-07-11,03-40-00,Turbine C,2500,Location 3,40.7128,-74.006,Region C,Online,Operations,5.82718,E,714.58557
17350,2024-07-11,03-50-00,Turbine A,2200,Location 1,34.0522,-118.2437,Region A,Online,Operations,3.32013,S,928.7285
17351,2024-07-11,03-50-00,Turbine B,2000,Location 2,36.7783,-119.4179,Region B,Online,Operations,10.1837,NW,1222.25088
17352,2024-07-11,03-50-00,Turbine C,2500,Location 3,40.7128,-74.006,Region C,Online,Operations,9.75192,E,1155.78625
17353,2024-07-11,04-00-00,Turbine A,2200,Location 1,34.0522,-118.2437,Region A,Online,Operations,9.63899,W,1212.36852
17354,2024-07-11,04-00-00,Turbine B,2000,Location 2,36.7783,-119.4179,Region B,Online,Operations,5.60666,N,796.85847
17355,2024-07-11,04-00-00,Turbine C,2500,Location 3,40.7128,-74.006,Region C,Preventive Maintenance,Maintenance,2.47567,SE,0.0
17356,2024-07-11,04-10-00,Turbine A,2200,Location 1,34.0522,-118.2437,Region A,Online,Operations,23.2182,W,1090.15442
17357,2024-07-11,04-10-00,Turbine B,2000,Location 2,36.7783,-119.4179,Region B,Online,Operations,19.25723,NE,1617.92438
17358,2024-07-11,04-10-00,Turbine C,2500,Location 3,40.7128,-74.006,Region C,Online,Operations,7.59635,SE,1014.97002
17359,2024-07-11,04-20-00,Turbine A,2200,Location 1,34.0522,-118.2437,Region A,Online,Operations,13.52518,NW,698.2284
17360,2024-07-11,04-20-00,Turbine B,2000,Location 2,36.7783,-119.4179,Region B,Online,Operations,6.77324,NE,1511.33811
17361,2024-07-11,04-20-00,Turbine C,2500,Location 3,40.7128,-74.006,Region C,Online,Operations,24.0033,SW,963.73208
17362,2024-07-11,04-30-00,Turbine A,2200,Location 1,34.0522,-118.2437,Region A,Offline,Operations,22.26606,NW,0.0
17363,2024-07-11,04-30-00,Turbine B,2000,Location 2,36.7783,-119.4179,Region B,Online,Operations,13.70669,E,1851.25517
17364,2024-07-11,04-30-00,Turbine C,2500,Location 3,40.7128,-74.006,Region C,Online,Operations,21.41939,SW,567.88486
17365,2024-07-11,04-40-00,Turbine A,2200,Location 1,34.0522,-118.2437,Region A,Online,Operations,12.23421,NE,1315.48888
17366,2024-07-11,04-40-00,Turbine B,2000,Location 2,36.7783,-119.4179,Region B,Online,Operations,10.92031,N,1383.03628
17367,2024-07-11,04-40-00,Turbine C,2500,Location 3,40.7128,-74.006,Region C,Online,Operations,24.00991,SE,679.68303
17368,2024-07-11,04-50-00,Turbine A,2200,Location 1,34.0522,-118.2437,Region A,Online,Operations,23.29069,W,1240.31318
17369,2024-07-11,04-50-00,Turbine B,2000,Location 2,36.7783,-119.4179,Region B,Online,Operations,16.51211,E,1228.79887
17370,2024-07-11,04-50-00,Turbine C,2500,Location 3,40.7128,-74.006,Region C,Online,Operations,22.9569,SW,727.96805
17371,2024-07-11,05-00-00,Turbine A,2200,Location 1,34.0522,-118.2437,Region A,Preventive Maintenance,Maintenance,15.95231,E,0.0
17372,2024-07-11,05-00-00,Turbine B,2000,Location 2,36.7783,-119.4179,Region B,Online,Operations,16.39942,E,953.14069
17373,2024-07-11,05-00-00,Turbine C,2500,Location 3,40.7128,-74.006,Region C,Online,Operations,11.60057,SW,690.79252
17374,2024-07-11,05-10-00,Turbine A,2200,Location 1,34.0522,-118.2437,Region A,Online,Operations,13.35211,S,561.30814
17375,2024-07-11,05-10-00,Turbine B,2000,Location 2,36.7783,-119.4179,Region B,Online,Operations,12.98306,NE,1122.36789
17376,2024-07-11,05-10-00,Turbine C,2500,Location 3,40.7128,-74.006,Region C,Online,Operations,22.22771,S,1338.72581
17377,2024-07-11,05-20-00,Turbine A,2200,Location 1,34.0522,-118.2437,Region A,Online,Operations,2.92923,NE,1169.02503
17378,2024-07-11,05-20-00,Turbine B,2000,Location 2,36.7783,-119.4179,Region B,Online,Operations,10.14093,N,1148.07973
17379,2024-07-11,05-20-00,Turbine C,2500,Location 3,40.7128,-74.006,Region C,Offline,Operations,7.85589,NW,0.0
17380,2024-07-11,05-30-00,Turbine A,2200,Location 1,34.0522,-118.2437,Region A,Reactive Maintenance,Maintenance,8.66916,NW,0.0
17381,2024-07-11,05-30-00,Turbine B,2000,Location 2,36.7783,-119.4179,Region B,Online,Operations,7.97508,SE,1113.172
17382,2024-07-11,05-30-00,Turbine C,2500,Location 3,40.7128,-74.006,Region C,Online,Operations,20.22155,NW,1384.09382
17383,2024-07-11,05-40-00,Turbine A,2200,Location 1,34.0522,-118.2437,Region A,Online,Operations,9.59204,NE,862.79418
17384,2024-07-11,05-40-00,Turbine B,2000,Location 2,36.7783,-119.4179,Region B,Online,Operations,5.35716,E,590.97698
17385,2024-07-11,05-40-00,Turbine C,2500,Location 3,40.7128,-74.006,Region C,Online,Operations,16.89534,W,1706.9588
17386,2024-07-11,05-50-00,Turbine A,2200,Location 1,34.0522,-118.2437,Region A,Online,Operations,8.41857,N,1432.34666
17387,2024-07-11,05-50-00,Turbine B,2000,Location 2,36.7783,-119.4179,Region B,Online,Operations,8.14268,SE,1186.85288
17388,2024-07-11,05-50-00,Turbine C,2500,Location 3,40.7128,-74.006,Region C,Online,Operations,5.36641,S,943.18512
17389,2024-07-11,06-00-00,Turbine A,2200,Location 1,34.0522,-118.2437,Region A,Online,Operations,22.97091,N,1219.08694
17390,2024-07-11,06-00-00,Turbine B,2000,Location 2,36.7783,-119.4179,Region B,Online,Operations,16.89117,SE,1749.69063
17391,2024-07-11,06-00-00,Turbine C,2500,Location 3,40.7128,-74.006,Region C,Online,Operations,13.23198,NW,1355.1205
17392,2024-07-11,06-10-00,Turbine A,2200,Location 1,34.0522,-118.2437,Region A,Online,Operations,5.37169,SE,828.65486
17393,2024-07-11,06-10-00,Turbine B,2000,Location 2,36.7783,-119.4179,Region B,Reactive Maintenance,Maintenance,11.7657,N,0.0
17394,2024-07-11,06-10-00,Turbine C,2500,Location 3,40.7128,-74.006,Region C,Online,Operations,14.00468,NE,1188.81364
17395,2024-07-11,06-20-00,Turbine A,2200,Location 1,34.0522,-118.2437,Region A,Online,Operations,7.91304,W,730.04726
17396,2024-07-11,06-20-00,Turbine B,2000,Location 2,36.7783,-119.4179,Region B,Online,Operations,17.61116,N,1727.30151
17397,2024-07-11,06-20-00,Turbine C,2500,Location 3,40.7128,-74.006,Region C,Preventive Maintenance,Maintenance,14.35193,E,0.0
17398,2024-07-11,06-30-00,Turbine A,2200,Location 1,34.0522,-118.2437,Region A,Online,Operations,15.69325,S,1489.94352
17399,2024-07-11,06-30-00,Turbine B,2000,Location 2,36.7783,-119.4179,Region B,Online,Operations,7.64225,NW,974.8556
17400,2024-07-11,06-30-00,Turbine C,2500,Location 3,40.7128,-74.006,Region C,Online,Operations,16.06378,SW,1802.97506
17401,2024-07-11,06-40-00,Turbine A,2200,Location 1,34.0522,-118.2437,Region A,Online,Operations,8.67184,NW,1208.23509
17402,2024-07-11,06-40-00,Turbine B,2000,Location 2,36.7783,-119.4179,Region B,Online,Operations,23.12864,W,885.78882
17403,2024-07-11,06-40-00,Turbine C,2500,Location 3,40.7128,-74.006,Region C,Online,Operations,21.41957,N,1805.28663
17404,2024-07-11,06-50-00,Turbine A,2200,Location 1,34.0522,-118.2437,Region A,Online,Operations,9.08326,N,1166.79328
17405,2024-07-11,06-50-00,Turbine B,2000,Location 2,36.7783,-119.4179,Region B,Online,Operations,3.00722,E,1264.17553
17406,2024-07-11,06-50-00,Turbine C,2500,Location 3,40.7128,-74.006,Region C,Online,Operations,10.19792,NE,1640.22304
17407,2024-07-11,07-00-00,Turbine A,2200,Location 1,34.0522,-118.2437,Region A,Online,Operations,15.18263,N,1933.70973
17408,2024-07-11,07-00-00,Turbine B,2000,Location 2,36.7783,-119.4179,Region B,Online,Operations,12.50946,SW,935.88391
17409,2024-07-11,07-00-00,Turbine C,2500,Location 3,40.7128,-74.006,Region C,Online,Operations,2.19529,W,1327.8544
17410,2024-07-11,07-10-00,Turbine A,2200,Location 1,34.0522,-118.2437,Region A,Online,Operations,9.83671,W,1388.38705
17411,2024-07-11,07-10-00,Turbine B,2000,Location 2,36.7783,-119.4179,Region B,Online,Operations,19.47518,SW,925.33415
17412,2024-07-11,07-10-00,Turbine C,2500,Location 3,40.7128,-74.006,Region C,Online,Operations,10.52303,N,1465.10751
17413,2024-07-11,07-20-00,Turbine A,2200,Location 1,34.0522,-118.2437,Region A,Online,Operations,14.32503,S,1615.20582
17414,2024-07-11,07-20-00,Turbine B,2000,Location 2,36.7783,-119.4179,Region B,Online,Operations,8.30115,SW,1448.08584
17415,2024-07-11,07-20-00,Turbine C,2500,Location 3,40.7128,-74.006,Region C,Online,Operations,11.37244,W,1224.19198
17416,2024-07-11,07-30-00,Turbine A,2200,Location 1,34.0522,-118.2437,Region A,Online,Operations,6.87822,E,583.12511
17417,2024-07-11,07-30-00,Turbine B,2000,Location 2,36.7783,-119.4179,Region B,Online,Operations,23.82056,NE,589.45113
17418,2024-07-11,07-30-00,Turbine C,2500,Location 3,40.7128,-74.006,Region C,Online,Operations,22.47057,NW,853.60582
17419,2024-07-11,07-40-00,Turbine A,2200,Location 1,34.0522,-118.2437,Region A,Online,Operations,2.01916,S,1616.72945
17420,2024-07-11,07-40-00,Turbine B,2000,Location 2,36.7783,-119.4179,Region B,Online,Operations,7.11154,NE,1517.11639
17421,2024-07-11,07-40-00,Turbine C,2500,Location 3,40.7128,-74.006,Region C,Online,Operations,9.52577,NE,1008.23805
17422,2024-07-11,07-50-00,Turbine A,2200,Location 1,34.0522,-118.2437,Region A,Online,Operations,21.45376,NW,1801.71237
17423,2024-07-11,07-50-00,Turbine B,2000,Location 2,36.7783,-119.4179,Region B,Online,Operations,11.82808,E,1931.92883
17424,2024-07-11,07-50-00,Turbine C,2500,Location 3,40.7128,-74.006,Region C,Online,Operations,16.70671,SE,1617.88142
17425,2024-07-11,08-00-00,Turbine A,2200,Location 1,34.0522,-118.2437,Region A,Online,Operations,12.94945,E,1000.76651
17426,2024-07-11,08-00-00,Turbine B,2000,Location 2,36.7783,-119.4179,Region B,Online,Operations,24.53307,SW,1124.51597
17427,2024-07-11,08-00-00,Turbine C,2500,Location 3,40.7128,-74.006,Region C,Online,Operations,11.4286,NW,949.32406
17428,2024-07-11,08-10-00,Turbine A,2200,Location 1,34.0522,-118.2437,Region A,Online,Operations,17.37468,W,1101.56067
17429,2024-07-11,08-10-00,Turbine B,2000,Location 2,36.7783,-119.4179,Region B,Preventive Maintenance,Maintenance,23.26858,E,0.0
17430,2024-07-11,08-10-00,Turbine C,2500,Location 3,40.7128,-74.006,Region C,Online,Operations,24.16564,SE,1544.73485
17431,2024-07-11,08-20-00,Turbine A,2200,Location 1,34.0522,-118.2437,Region A,Online,Operations,11.56771,N,1193.4254
17432,2024-07-11,08-20-00,Turbine B,2000,Location 2,36.7783,-119.4179,Region B,Online,Operations,13.56913,NW,1551.43457
17433,2024-07-11,08-20-00,Turbine C,2500,Location 3,40.7128,-74.006,Region C,Online,Operations,2.3447,N,1235.97958
17434,2024-07-11,08-30-00,Turbine A,2200,Location 1,34.0522,-118.2437,Region A,Reactive Maintenance,Maintenance,4.9186,NE,0.0
17435,2024-07-11,08-30-00,Turbine B,2000,Location 2,36.7783,-119.4179,Region B,Online,Operations,18.96851,W,1805.7803
17436,2024-07-11,08-30-00,Turbine C,2500,Location 3,40.7128,-74.006,Region C,Online,Operations,5.1858,N,1579.85136
17437,2024-07-11,08-40-00,Turbine A,2200,Location 1,34.0522,-118.2437,Region A,Preventive Maintenance,Maintenance,10.52295,W,0.0
17438,2024-07-11,08-40-00,Turbine B,2000,Location 2,36.7783,-119.4179,Region B,Online,Operations,22.869,NE,1066.46812
17439,2024-07-11,08-40-00,Turbine C,2500,Location 3,40.7128,-74.006,Region C,Online,Operations,2.87094,SE,598.92564
17440,2024-07-11,08-50-00,Turbine A,2200,Location 1,34.0522,-118.2437,Region A,Online,Operations,7.12974,SE,1486.14325
17441,2024-07-11,08-50-00,Turbine B,2000,Location 2,36.7783,-119.4179,Region B,Online,Operations,20.99281,NE,839.77763
17442,2024-07-11,08-50-00,Turbine C,2500,Location 3,40.7128,-74.006,Region C,Online,Operations,4.98186,SW,848.11401
17443,2024-07-11,09-00-00,Turbine A,2200,Location 1,34.0522,-118.2437,Region A,Online,Operations,6.75238,NE,1470.77267
17444,2024-07-11,09-00-00,Turbine B,2000,Location 2,36.7783,-119.4179,Region B,Online,Operations,9.62905,W,911.81593
17445,2024-07-11,09-00-00,Turbine C,2500,Location 3,40.7128,-74.006,Region C,Online,Operations,3.14218,E,782.96366
17446,2024-07-11,09-10-00,Turbine A,2200,Location 1,34.0522,-118.2437,Region A,Online,Operations,13.55901,NE,1712.38949
17447,2024-07-11,09-10-00,Turbine B,2000,Location 2,36.7783,-119.4179,Region B,Online,Operations,17.04811,NE,1739.91455
17448,2024-07-11,09-10-00,Turbine C,2500,Location 3,40.7128,-74.006,Region C,Online,Operations,12.59314,E,632.31076
17449,2024-07-11,09-20-00,Turbine A,2200,Location 1,34.0522,-118.2437,Region A,Fault,Engineering,24.39855,NE,0.0
17450,2024-07-11,09-20-00,Turbine B,2000,Location 2,36.7783,-119.4179,Region B,Online,Operations,5.67613,S,1467.91461
17451,2024-07-11,09-20-00,Turbine C,2500,Location 3,40.7128,-74.006,Region C,Online,Operations,6.71299,S,551.13882
17452,2024-07-11,09-30-00,Turbine A,2200,Location 1,34.0522,-118.2437,Region A,Online,Operations,3.10996,E,1879.34286
17453,2024-07-11,09-30-00,Turbine B,2000,Location 2,36.7783,-119.4179,Region B,Online,Operations,14.34053,S,1749.28346
17454,2024-07-11,09-30-00,Turbine C,2500,Location 3,40.7128,-74.006,Region C,Online,Operations,20.28515,S,769.89948
17455,2024-07-11,09-40-00,Turbine A,2200,Location 1,34.0522,-118.2437,Region A,Online,Operations,13.53092,W,1095.4946
17456,2024-07-11,09-40-00,Turbine B,2000,Location 2,36.7783,-119.4179,Region B,Online,Operations,3.38414,N,1531.24895
17457,2024-07-11,09-40-00,Turbine C,2500,Location 3,40.7128,-74.006,Region C,Online,Operations,10.97433,SE,986.19036
17458,2024-07-11,09-50-00,Turbine A,2200,Location 1,34.0522,-118.2437,Region A,Online,Operations,16.19818,SE,672.50649
17459,2024-07-11,09-50-00,Turbine B,2000,Location 2,36.7783,-119.4179,Region B,Online,Operations,22.07284,E,1024.78265
17460,2024-07-11,09-50-00,Turbine C,2500,Location 3,40.7128,-74.006,Region C,Online,Operations,12.91698,E,599.04574
17461,2024-07-11,10-00-00,Turbine A,2200,Location 1,34.0522,-118.2437,Region A,Reactive Maintenance,Maintenance,16.44123,NW,0.0
17462,2024-07-11,10-00-00,Turbine B,2000,Location 2,36.7783,-119.4179,Region B,Online,Operations,10.60185,W,1509.06906
17463,2024-07-11,10-00-00,Turbine C,2500,Location 3,40.7128,-74.006,Region C,Online,Operations,24.02672,SE,884.19043
17464,2024-07-11,10-10-00,Turbine A,2200,Location 1,34.0522,-118.2437,Region A,Online,Operations,18.02527,NE,1879.88026
17465,2024-07-11,10-10-00,Turbine B,2000,Location 2,36.7783,-119.4179,Region B,Online,Operations,14.86066,E,804.37855
17466,2024-07-11,10-10-00,Turbine C,2500,Location 3,40.7128,-74.006,Region C,Online,Operations,3.34309,E,1540.22724
17467,2024-07-11,10-20-00,Turbine A,2200,Location 1,34.0522,-118.2437,Region A,Inspection,Maintenance,23.62265,N,0.0
17468,2024-07-11,10-20-00,Turbine B,2000,Location 2,36.7783,-119.4179,Region B,Online,Operations,9.36177,N,758.24391
17469,2024-07-11,10-20-00,Turbine C,2500,Location 3,40.7128,-74.006,Region C,Online,Operations,22.3368,SE,989.05285
17470,2024-07-11,10-30-00,Turbine A,2200,Location 1,34.0522,-118.2437,Region A,Online,Operations,18.76565,NE,1762.36261
17471,2024-07-11,10-30-00,Turbine B,2000,Location 2,36.7783,-119.4179,Region B,Online,Operations,22.64431,SE,1893.29201
17472,2024-07-11,10-30-00,Turbine C,2500,Location 3,40.7128,-74.006,Region C,Online,Operations,16.98097,W,712.65095
17473,2024-07-11,10-40-00,Turbine A,2200,Location 1,34.0522,-118.2437,Region A,Online,Operations,14.74517,N,884.03354
17474,2024-07-11,10-40-00,Turbine B,2000,Location 2,36.7783,-119.4179,Region B,Online,Operations,23.72735,S,1592.73267
17475,2024-07-11,10-40-00,Turbine C,2500,Location 3,40.7128,-74.006,Region C,Preventive Maintenance,Maintenance,3.29167,NW,0.0
17476,2024-07-11,10-50-00,Turbine A,2200,Location 1,34.0522,-118.2437,Region A,Online,Operations,11.31522,NW,723.91579
17477,2024-07-11,10-50-00,Turbine B,2000,Location 2,36.7783,-119.4179,Region B,Online,Operations,11.75689,NE,1497.4095
17478,2024-07-11,10-50-00,Turbine C,2500,Location 3,40.7128,-74.006,Region C,Online,Operations,23.601,S,1368.94618
17479,2024-07-11,11-00-00,Turbine A,2200,Location 1,34.0522,-118.2437,Region A,Preventive Maintenance,Maintenance,20.67185,SW,0.0
17480,2024-07-11,11-00-00,Turbine B,2000,Location 2,36.7783,-119.4179,Region B,Online,Operations,8.16259,W,1846.12879
17481,2024-07-11,11-00-00,Turbine C,2500,Location 3,40.7128,-74.006,Region C,Online,Operations,11.68184,SE,1004.60153
17482,2024-07-11,11-10-00,Turbine A,2200,Location 1,34.0522,-118.2437,Region A,Online,Operations,4.07579,NE,1169.00706
17483,2024-07-11,11-10-00,Turbine B,2000,Location 2,36.7783,-119.4179,Region B,Online,Operations,23.17244,NE,1638.68536
17484,2024-07-11,11-10-00,Turbine C,2500,Location 3,40.7128,-74.006,Region C,Online,Operations,9.79218,E,1237.8237
17485,2024-07-11,11-20-00,Turbine A,2200,Location 1,34.0522,-118.2437,Region A,Online,Operations,11.43429,NE,1815.68468
17486,2024-07-11,11-20-00,Turbine B,2000,Location 2,36.7783,-119.4179,Region B,Online,Operations,12.17561,NE,1472.68023
17487,2024-07-11,11-20-00,Turbine C,2500,Location 3,40.7128,-74.006,Region C,Online,Operations,9.64598,NW,1394.99553
17488,2024-07-11,11-30-00,Turbine A,2200,Location 1,34.0522,-118.2437,Region A,Online,Operations,12.75897,N,1885.47137
17489,2024-07-11,11-30-00,Turbine B,2000,Location 2,36.7783,-119.4179,Region B,Offline,Operations,20.76982,NE,0.0
17490,2024-07-11,11-30-00,Turbine C,2500,Location 3,40.7128,-74.006,Region C,Online,Operations,20.07681,N,844.17152
17491,2024-07-11,11-40-00,Turbine A,2200,Location 1,34.0522,-118.2437,Region A,Online,Operations,24.2651,SW,1818.11068
17492,2024-07-11,11-40-00,Turbine B,2000,Location 2,36.7783,-119.4179,Region B,Online,Operations,14.56893,E,1539.87204
17493,2024-07-11,11-40-00,Turbine C,2500,Location 3,40.7128,-74.006,Region C,Online,Operations,6.9362,E,895.94759
17494,2024-07-11,11-50-00,Turbine A,2200,Location 1,34.0522,-118.2437,Region A,Online,Operations,12.16572,NE,1113.82377
17495,2024-07-11,11-50-00,Turbine B,2000,Location 2,36.7783,-119.4179,Region B,Online,Operations,15.54954,NW,1365.40154
17496,2024-07-11,11-50-00,Turbine C,2500,Location 3,40.7128,-74.006,Region C,Online,Operations,23.03337,NE,1891.16556
17497,2024-07-11,12-00-00,Turbine A,2200,Location 1,34.0522,-118.2437,Region A,Online,Operations,20.60896,NE,1317.65433
17498,2024-07-11,12-00-00,Turbine B,2000,Location 2,36.7783,-119.4179,Region B,Online,Operations,12.14659,E,572.36945
17499,2024-07-11,12-00-00,Turbine C,2500,Location 3,40.7128,-74.006,Region C,Online,Operations,9.85054,SW,1978.52447
17500,2024-07-11,12-10-00,Turbine A,2200,Location 1,34.0522,-118.2437,Region A,Online,Operations,18.30484,W,1599.34212
17501,2024-07-11,12-10-00,Turbine B,2000,Location 2,36.7783,-119.4179,Region B,Online,Operations,19.98044,S,1492.13244
17502,2024-07-11,12-10-00,Turbine C,2500,Location 3,40.7128,-74.006,Region C,Online,Operations,6.94621,E,1319.95833
17503,2024-07-11,12-20-00,Turbine A,2200,Location 1,34.0522,-118.2437,Region A,Online,Operations,9.50932,N,1578.41199
17504,2024-07-11,12-20-00,Turbine B,2000,Location 2,36.7783,-119.4179,Region B,Offline,Operations,14.00519,NW,0.0
17505,2024-07-11,12-20-00,Turbine C,2500,Location 3,40.7128,-74.006,Region C,Online,Operations,20.36968,N,1762.74464
17506,2024-07-11,12-30-00,Turbine A,2200,Location 1,34.0522,-118.2437,Region A,Online,Operations,20.44677,N,1907.33715
17507,2024-07-11,12-30-00,Turbine B,2000,Location 2,36.7783,-119.4179,Region B,Online,Operations,3.09462,E,1380.91839
17508,2024-07-11,12-30-00,Turbine C,2500,Location 3,40.7128,-74.006,Region C,Online,Operations,12.16593,S,725.49725
17509,2024-07-11,12-40-00,Turbine A,2200,Location 1,34.0522,-118.2437,Region A,Online,Operations,17.32917,S,1635.77049
17510,2024-07-11,12-40-00,Turbine B,2000,Location 2,36.7783,-119.4179,Region B,Online,Operations,7.71322,N,717.05165
17511,2024-07-11,12-40-00,Turbine C,2500,Location 3,40.7128,-74.006,Region C,Online,Operations,18.36519,N,1246.25915
17512,2024-07-11,12-50-00,Turbine A,2200,Location 1,34.0522,-118.2437,Region A,Online,Operations,15.53724,NE,1922.6705
17513,2024-07-11,12-50-00,Turbine B,2000,Location 2,36.7783,-119.4179,Region B,Online,Operations,19.57128,E,1739.35569
17514,2024-07-11,12-50-00,Turbine C,2500,Location 3,40.7128,-74.006,Region C,Preventive Maintenance,Maintenance,2.50661,SE,0.0
17515,2024-07-11,13-00-00,Turbine A,2200,Location 1,34.0522,-118.2437,Region A,Online,Operations,21.88268,W,1146.04181
17516,2024-07-11,13-00-00,Turbine B,2000,Location 2,36.7783,-119.4179,Region B,Online,Operations,22.87311,NE,1005.5964
17517,2024-07-11,13-00-00,Turbine C,2500,Location 3,40.7128,-74.006,Region C,Online,Operations,18.10175,E,986.68014
17518,2024-07-11,13-10-00,Turbine A,2200,Location 1,34.0522,-118.2437,Region A,Online,Operations,19.4653,S,537.0039
17519,2024-07-11,13-10-00,Turbine B,2000,Location 2,36.7783,-119.4179,Region B,Online,Operations,12.33929,NW,1366.98121
17520,2024-07-11,13-10-00,Turbine C,2500,Location 3,40.7128,-74.006,Region C,Online,Operations,20.69474,S,1533.15714
17521,2024-07-11,13-20-00,Turbine A,2200,Location 1,34.0522,-118.2437,Region A,Online,Operations,14.14384,E,1849.59647
17522,2024-07-11,13-20-00,Turbine B,2000,Location 2,36.7783,-119.4179,Region B,Online,Operations,11.78176,N,1088.86518
17523,2024-07-11,13-20-00,Turbine C,2500,Location 3,40.7128,-74.006,Region C,Online,Operations,13.04895,W,748.08305
17524,2024-07-11,13-30-00,Turbine A,2200,Location 1,34.0522,-118.2437,Region A,Online,Operations,19.91835,W,527.49559
17525,2024-07-11,13-30-00,Turbine B,2000,Location 2,36.7783,-119.4179,Region B,Online,Operations,7.52749,SW,1347.12153
17526,2024-07-11,13-30-00,Turbine C,2500,Location 3,40.7128,-74.006,Region C,Online,Operations,7.76371,S,641.06127
17527,2024-07-11,13-40-00,Turbine A,2200,Location 1,34.0522,-118.2437,Region A,Offline,Operations,2.33138,SE,0.0
17528,2024-07-11,13-40-00,Turbine B,2000,Location 2,36.7783,-119.4179,Region B,Preventive Maintenance,Maintenance,21.15153,SE,0.0
17529,2024-07-11,13-40-00,Turbine C,2500,Location 3,40.7128,-74.006,Region C,Fault,Engineering,20.89272,SE,0.0
17530,2024-07-11,13-50-00,Turbine A,2200,Location 1,34.0522,-118.2437,Region A,Online,Operations,20.24395,SE,1416.21926
17531,2024-07-11,13-50-00,Turbine B,2000,Location 2,36.7783,-119.4179,Region B,Online,Operations,3.05409,SE,1103.51801
17532,2024-07-11,13-50-00,Turbine C,2500,Location 3,40.7128,-74.006,Region C,Online,Operations,24.3457,W,1052.14193
17533,2024-07-11,14-00-00,Turbine A,2200,Location 1,34.0522,-118.2437,Region A,Online,Operations,8.7964,NE,1191.37706
17534,2024-07-11,14-00-00,Turbine B,2000,Location 2,36.7783,-119.4179,Region B,Online,Operations,6.77445,S,1893.77504
17535,2024-07-11,14-00-00,Turbine C,2500,Location 3,40.7128,-74.006,Region C,Online,Operations,7.77776,SE,748.37353
17536,2024-07-11,14-10-00,Turbine A,2200,Location 1,34.0522,-118.2437,Region A,Online,Operations,19.12859,SE,1705.91035
17537,2024-07-11,14-10-00,Turbine B,2000,Location 2,36.7783,-119.4179,Region B,Online,Operations,9.41389,S,1468.2938
17538,2024-07-11,14-10-00,Turbine C,2500,Location 3,40.7128,-74.006,Region C,Online,Operations,19.84582,NE,553.1643
17539,2024-07-11,14-20-00,Turbine A,2200,Location 1,34.0522,-118.2437,Region A,Online,Operations,14.11442,NW,869.04425
17540,2024-07-11,14-20-00,Turbine B,2000,Location 2,36.7783,-119.4179,Region B,Online,Operations,17.87762,NE,1251.69104
17541,2024-07-11,14-20-00,Turbine C,2500,Location 3,40.7128,-74.006,Region C,Online,Operations,20.36638,SW,1989.19505
17542,2024-07-11,14-30-00,Turbine A,2200,Location 1,34.0522,-118.2437,Region A,Online,Operations,3.37491,W,1104.86557
17543,2024-07-11,14-30-00,Turbine B,2000,Location 2,36.7783,-119.4179,Region B,Online,Operations,18.53643,S,1013.09782
17544,2024-07-11,14-30-00,Turbine C,2500,Location 3,40.7128,-74.006,Region C,Online,Operations,9.30362,N,707.09947
17545,2024-07-11,14-40-00,Turbine A,2200,Location 1,34.0522,-118.2437,Region A,Online,Operations,11.68686,SE,587.13006
17546,2024-07-11,14-40-00,Turbine B,2000,Location 2,36.7783,-119.4179,Region B,Online,Operations,5.46204,SW,1809.16116
17547,2024-07-11,14-40-00,Turbine C,2500,Location 3,40.7128,-74.006,Region C,Online,Operations,20.06298,E,1254.0189
17548,2024-07-11,14-50-00,Turbine A,2200,Location 1,34.0522,-118.2437,Region A,Online,Operations,4.4533,SW,1303.62214
17549,2024-07-11,14-50-00,Turbine B,2000,Location 2,36.7783,-119.4179,Region B,Online,Operations,17.55734,N,1313.28388
17550,2024-07-11,14-50-00,Turbine C,2500,Location 3,40.7128,-74.006,Region C,Online,Operations,20.51808,NW,698.974
17551,2024-07-11,15-00-00,Turbine A,2200,Location 1,34.0522,-118.2437,Region A,Inspection,Maintenance,14.29879,SE,0.0
17552,2024-07-11,15-00-00,Turbine B,2000,Location 2,36.7783,-119.4179,Region B,Online,Operations,3.2906,NE,1990.63007
17553,2024-07-11,15-00-00,Turbine C,2500,Location 3,40.7128,-74.006,Region C,Online,Operations,6.86188,NW,1029.65395
17554,2024-07-11,15-10-00,Turbine A,2200,Location 1,34.0522,-118.2437,Region A,Online,Operations,12.42937,S,1758.00664
17555,2024-07-11,15-10-00,Turbine B,2000,Location 2,36.7783,-119.4179,Region B,Online,Operations,7.43625,NE,1615.76282
17556,2024-07-11,15-10-00,Turbine C,2500,Location 3,40.7128,-74.006,Region C,Online,Operations,8.32739,S,843.37517
17557,2024-07-11,15-20-00,Turbine A,2200,Location 1,34.0522,-118.2437,Region A,Online,Operations,13.04385,NW,957.15415
17558,2024-07-11,15-20-00,Turbine B,2000,Location 2,36.7783,-119.4179,Region B,Online,Operations,17.61874,SE,937.19017
17559,2024-07-11,15-20-00,Turbine C,2500,Location 3,40.7128,-74.006,Region C,Online,Operations,2.30407,NW,1284.37276
17560,2024-07-11,15-30-00,Turbine A,2200,Location 1,34.0522,-118.2437,Region A,Online,Operations,11.26847,SE,1228.92125
17561,2024-07-11,15-30-00,Turbine B,2000,Location 2,36.7783,-119.4179,Region B,Online,Operations,7.63186,W,1760.86956
17562,2024-07-11,15-30-00,Turbine C,2500,Location 3,40.7128,-74.006,Region C,Online,Operations,21.76177,N,860.05321
17563,2024-07-11,15-40-00,Turbine A,2200,Location 1,34.0522,-118.2437,Region A,Online,Operations,23.43341,NW,1146.80564
17564,2024-07-11,15-40-00,Turbine B,2000,Location 2,36.7783,-119.4179,Region B,Online,Operations,5.8298,N,955.29642
17565,2024-07-11,15-40-00,Turbine C,2500,Location 3,40.7128,-74.006,Region C,Online,Operations,13.11561,S,1670.9968
17566,2024-07-11,15-50-00,Turbine A,2200,Location 1,34.0522,-118.2437,Region A,Online,Operations,21.42141,SW,1570.58442
17567,2024-07-11,15-50-00,Turbine B,2000,Location 2,36.7783,-119.4179,Region B,Online,Operations,7.57063,W,1075.10857
17568,2024-07-11,15-50-00,Turbine C,2500,Location 3,40.7128,-74.006,Region C,Online,Operations,11.37328,SW,814.63228
17569,2024-07-11,16-00-00,Turbine A,2200,Location 1,34.0522,-118.2437,Region A,Online,Operations,18.63807,SW,1117.71499
17570,2024-07-11,16-00-00,Turbine B,2000,Location 2,36.7783,-119.4179,Region B,Online,Operations,5.41624,NE,1369.20584
17571,2024-07-11,16-00-00,Turbine C,2500,Location 3,40.7128,-74.006,Region C,Online,Operations,6.54773,NE,1932.93721
17572,2024-07-11,16-10-00,Turbine A,2200,Location 1,34.0522,-118.2437,Region A,Online,Operations,20.31133,N,1000.64485
17573,2024-07-11,16-10-00,Turbine B,2000,Location 2,36.7783,-119.4179,Region B,Online,Operations,8.33372,NW,1561.28183
17574,2024-07-11,16-10-00,Turbine C,2500,Location 3,40.7128,-74.006,Region C,Online,Operations,15.86748,NW,1132.5831
17575,2024-07-11,16-20-00,Turbine A,2200,Location 1,34.0522,-118.2437,Region A,Online,Operations,3.32088,SW,1112.59222
17576,2024-07-11,16-20-00,Turbine B,2000,Location 2,36.7783,-119.4179,Region B,Online,Operations,8.92945,NE,615.89843
17577,2024-07-11,16-20-00,Turbine C,2500,Location 3,40.7128,-74.006,Region C,Online,Operations,14.11638,S,1769.66007
17578,2024-07-11,16-30-00,Turbine A,2200,Location 1,34.0522,-118.2437,Region A,Online,Operations,13.79202,W,619.14912
17579,2024-07-11,16-30-00,Turbine B,2000,Location 2,36.7783,-119.4179,Region B,Online,Operations,22.64724,NW,1297.05674
17580,2024-07-11,16-30-00,Turbine C,2500,Location 3,40.7128,-74.006,Region C,Online,Operations,10.15968,E,1207.9316
17581,2024-07-11,16-40-00,Turbine A,2200,Location 1,34.0522,-118.2437,Region A,Online,Operations,16.65106,E,1698.83753
17582,2024-07-11,16-40-00,Turbine B,2000,Location 2,36.7783,-119.4179,Region B,Online,Operations,21.12119,S,902.06427
17583,2024-07-11,16-40-00,Turbine C,2500,Location 3,40.7128,-74.006,Region C,Online,Operations,8.8653,W,1449.79728
17584,2024-07-11,16-50-00,Turbine A,2200,Location 1,34.0522,-118.2437,Region A,Online,Operations,8.95406,SE,1456.91109
17585,2024-07-11,16-50-00,Turbine B,2000,Location 2,36.7783,-119.4179,Region B,Online,Operations,2.78992,W,537.81897
17586,2024-07-11,16-50-00,Turbine C,2500,Location 3,40.7128,-74.006,Region C,Online,Operations,15.56639,NW,1362.2991
17587,2024-07-11,17-00-00,Turbine A,2200,Location 1,34.0522,-118.2437,Region A,Online,Operations,17.81802,NE,686.39744
17588,2024-07-11,17-00-00,Turbine B,2000,Location 2,36.7783,-119.4179,Region B,Online,Operations,16.18246,NE,1415.95844
17589,2024-07-11,17-00-00,Turbine C,2500,Location 3,40.7128,-74.006,Region C,Online,Operations,20.77303,SW,1602.20307
17590,2024-07-11,17-10-00,Turbine A,2200,Location 1,34.0522,-118.2437,Region A,Online,Operations,7.69588,NE,1023.17132
17591,2024-07-11,17-10-00,Turbine B,2000,Location 2,36.7783,-119.4179,Region B,Online,Operations,12.02646,SE,1779.23895
17592,2024-07-11,17-10-00,Turbine C,2500,Location 3,40.7128,-74.006,Region C,Online,Operations,18.60669,NW,1534.91639
17593,2024-07-11,17-20-00,Turbine A,2200,Location 1,34.0522,-118.2437,Region A,Online,Operations,13.10691,W,510.6647
17594,2024-07-11,17-20-00,Turbine B,2000,Location 2,36.7783,-119.4179,Region B,Reactive Maintenance,Maintenance,23.83798,SE,0.0
17595,2024-07-11,17-20-00,Turbine C,2500,Location 3,40.7128,-74.006,Region C,Online,Operations,12.98789,S,1625.85062
17596,2024-07-11,17-30-00,Turbine A,2200,Location 1,34.0522,-118.2437,Region A,Online,Operations,15.47084,E,684.98736
17597,2024-07-11,17-30-00,Turbine B,2000,Location 2,36.7783,-119.4179,Region B,Online,Operations,19.59448,NE,603.77267
17598,2024-07-11,17-30-00,Turbine C,2500,Location 3,40.7128,-74.006,Region C,Online,Operations,7.42898,SW,528.6472
17599,2024-07-11,17-40-00,Turbine A,2200,Location 1,34.0522,-118.2437,Region A,Online,Operations,23.88049,NE,1164.48843
17600,2024-07-11,17-40-00,Turbine B,2000,Location 2,36.7783,-119.4179,Region B,Online,Operations,15.31877,SW,1723.52419
17601,2024-07-11,17-40-00,Turbine C,2500,Location 3,40.7128,-74.006,Region C,Online,Operations,12.94309,E,1448.7324
17602,2024-07-11,17-50-00,Turbine A,2200,Location 1,34.0522,-118.2437,Region A,Online,Operations,18.26212,NW,1240.845
17603,2024-07-11,17-50-00,Turbine B,2000,Location 2,36.7783,-119.4179,Region B,Offline,Operations,7.25854,W,0.0
17604,2024-07-11,17-50-00,Turbine C,2500,Location 3,40.7128,-74.006,Region C,Online,Operations,5.15613,NW,1564.03086
17605,2024-07-11,18-00-00,Turbine A,2200,Location 1,34.0522,-118.2437,Region A,Online,Operations,14.04162,N,1928.69243
17606,2024-07-11,18-00-00,Turbine B,2000,Location 2,36.7783,-119.4179,Region B,Online,Operations,2.13358,NW,1326.78587
17607,2024-07-11,18-00-00,Turbine C,2500,Location 3,40.7128,-74.006,Region C,Online,Operations,12.19092,NE,775.78687
17608,2024-07-11,18-10-00,Turbine A,2200,Location 1,34.0522,-118.2437,Region A,Online,Operations,21.66069,SW,1950.5379
17609,2024-07-11,18-10-00,Turbine B,2000,Location 2,36.7783,-119.4179,Region B,Online,Operations,12.43692,SE,1974.78234
17610,2024-07-11,18-10-00,Turbine C,2500,Location 3,40.7128,-74.006,Region C,Online,Operations,6.36521,S,654.24686
17611,2024-07-11,18-20-00,Turbine A,2200,Location 1,34.0522,-118.2437,Region A,Online,Operations,21.34756,NE,1693.11633
17612,2024-07-11,18-20-00,Turbine B,2000,Location 2,36.7783,-119.4179,Region B,Online,Operations,24.53378,SE,1951.7351
17613,2024-07-11,18-20-00,Turbine C,2500,Location 3,40.7128,-74.006,Region C,Online,Operations,2.36932,SW,1558.42861
17614,2024-07-11,18-30-00,Turbine A,2200,Location 1,34.0522,-118.2437,Region A,Online,Operations,7.5674,SW,1413.90451
17615,2024-07-11,18-30-00,Turbine B,2000,Location 2,36.7783,-119.4179,Region B,Online,Operations,15.30126,SW,1243.8967
17616,2024-07-11,18-30-00,Turbine C,2500,Location 3,40.7128,-74.006,Region C,Reactive Maintenance,Maintenance,18.10001,W,0.0
17617,2024-07-11,18-40-00,Turbine A,2200,Location 1,34.0522,-118.2437,Region A,Online,Operations,17.71274,S,1525.08764
17618,2024-07-11,18-40-00,Turbine B,2000,Location 2,36.7783,-119.4179,Region B,Online,Operations,6.4305,SW,1653.96191
17619,2024-07-11,18-40-00,Turbine C,2500,Location 3,40.7128,-74.006,Region C,Offline,Operations,5.34256,W,0.0
17620,2024-07-11,18-50-00,Turbine A,2200,Location 1,34.0522,-118.2437,Region A,Online,Operations,7.08167,NE,1422.73445
17621,2024-07-11,18-50-00,Turbine B,2000,Location 2,36.7783,-119.4179,Region B,Online,Operations,4.24241,S,908.3556
17622,2024-07-11,18-50-00,Turbine C,2500,Location 3,40.7128,-74.006,Region C,Online,Operations,12.30357,NE,1065.54693
17623,2024-07-11,19-00-00,Turbine A,2200,Location 1,34.0522,-118.2437,Region A,Online,Operations,10.67228,SE,773.79022
17624,2024-07-11,19-00-00,Turbine B,2000,Location 2,36.7783,-119.4179,Region B,Online,Operations,11.21952,W,1407.05034
17625,2024-07-11,19-00-00,Turbine C,2500,Location 3,40.7128,-74.006,Region C,Online,Operations,5.46599,E,711.54108
17626,2024-07-11,19-10-00,Turbine A,2200,Location 1,34.0522,-118.2437,Region A,Online,Operations,4.46496,NW,599.75255
17627,2024-07-11,19-10-00,Turbine B,2000,Location 2,36.7783,-119.4179,Region B,Online,Operations,19.78558,NE,995.42875
17628,2024-07-11,19-10-00,Turbine C,2500,Location 3,40.7128,-74.006,Region C,Online,Operations,19.40284,SW,769.1822
17629,2024-07-11,19-20-00,Turbine A,2200,Location 1,34.0522,-118.2437,Region A,Online,Operations,23.07422,E,1719.03754
17630,2024-07-11,19-20-00,Turbine B,2000,Location 2,36.7783,-119.4179,Region B,Online,Operations,19.24379,SE,1769.50719
17631,2024-07-11,19-20-00,Turbine C,2500,Location 3,40.7128,-74.006,Region C,Online,Operations,15.14128,S,1259.85922
17632,2024-07-11,19-30-00,Turbine A,2200,Location 1,34.0522,-118.2437,Region A,Online,Operations,19.01021,SW,957.28718
17633,2024-07-11,19-30-00,Turbine B,2000,Location 2,36.7783,-119.4179,Region B,Online,Operations,21.05289,SW,1640.88369
17634,2024-07-11,19-30-00,Turbine C,2500,Location 3,40.7128,-74.006,Region C,Online,Operations,23.10597,NE,1803.64602
17635,2024-07-11,19-40-00,Turbine A,2200,Location 1,34.0522,-118.2437,Region A,Online,Operations,22.31468,SE,1603.29672
17636,2024-07-11,19-40-00,Turbine B,2000,Location 2,36.7783,-119.4179,Region B,Online,Operations,8.54369,SE,1891.93216
17637,2024-07-11,19-40-00,Turbine C,2500,Location 3,40.7128,-74.006,Region C,Offline,Operations,11.83519,E,0.0
17638,2024-07-11,19-50-00,Turbine A,2200,Location 1,34.0522,-118.2437,Region A,Online,Operations,18.29812,NW,921.18305
17639,2024-07-11,19-50-00,Turbine B,2000,Location 2,36.7783,-119.4179,Region B,Online,Operations,24.42822,NW,971.64172
17640,2024-07-11,19-50-00,Turbine C,2500,Location 3,40.7128,-74.006,Region C,Online,Operations,24.91344,SE,1172.67523
17641,2024-07-11,20-00-00,Turbine A,2200,Location 1,34.0522,-118.2437,Region A,Online,Operations,5.97783,NE,1665.98918
17642,2024-07-11,20-00-00,Turbine B,2000,Location 2,36.7783,-119.4179,Region B,Online,Operations,11.0177,NW,617.83418
17643,2024-07-11,20-00-00,Turbine C,2500,Location 3,40.7128,-74.006,Region C,Online,Operations,4.31127,NE,1973.93491
17644,2024-07-11,20-10-00,Turbine A,2200,Location 1,34.0522,-118.2437,Region A,Online,Operations,4.56425,SW,1626.05618
17645,2024-07-11,20-10-00,Turbine B,2000,Location 2,36.7783,-119.4179,Region B,Online,Operations,3.18113,NE,1812.50759
17646,2024-07-11,20-10-00,Turbine C,2500,Location 3,40.7128,-74.006,Region C,Online,Operations,8.87036,W,736.38636
17647,2024-07-11,20-20-00,Turbine A,2200,Location 1,34.0522,-118.2437,Region A,Online,Operations,3.57803,S,832.02005
17648,2024-07-11,20-20-00,Turbine B,2000,Location 2,36.7783,-119.4179,Region B,Online,Operations,3.70848,NE,1413.10783
17649,2024-07-11,20-20-00,Turbine C,2500,Location 3,40.7128,-74.006,Region C,Online,Operations,22.4655,NE,1588.43813
17650,2024-07-11,20-30-00,Turbine A,2200,Location 1,34.0522,-118.2437,Region A,Online,Operations,3.02882,NW,1734.85267
17651,2024-07-11,20-30-00,Turbine B,2000,Location 2,36.7783,-119.4179,Region B,Online,Operations,4.88571,SW,573.64015
17652,2024-07-11,20-30-00,Turbine C,2500,Location 3,40.7128,-74.006,Region C,Online,Operations,16.64025,E,1319.21887
17653,2024-07-11,20-40-00,Turbine A,2200,Location 1,34.0522,-118.2437,Region A,Fault,Engineering,23.16525,N,0.0
17654,2024-07-11,20-40-00,Turbine B,2000,Location 2,36.7783,-119.4179,Region B,Reactive Maintenance,Maintenance,6.55963,W,0.0
17655,2024-07-11,20-40-00,Turbine C,2500,Location 3,40.7128,-74.006,Region C,Online,Operations,5.73057,SE,1674.54091
17656,2024-07-11,20-50-00,Turbine A,2200,Location 1,34.0522,-118.2437,Region A,Online,Operations,5.13412,W,845.43327
17657,2024-07-11,20-50-00,Turbine B,2000,Location 2,36.7783,-119.4179,Region B,Reactive Maintenance,Maintenance,10.81472,E,0.0
17658,2024-07-11,20-50-00,Turbine C,2500,Location 3,40.7128,-74.006,Region C,Online,Operations,11.06713,W,1747.29941
17659,2024-07-11,21-00-00,Turbine A,2200,Location 1,34.0522,-118.2437,Region A,Online,Operations,9.88782,W,946.8662
17660,2024-07-11,21-00-00,Turbine B,2000,Location 2,36.7783,-119.4179,Region B,Online,Operations,17.48028,SE,1794.97851
17661,2024-07-11,21-00-00,Turbine C,2500,Location 3,40.7128,-74.006,Region C,Online,Operations,6.16453,SW,1964.2038
17662,2024-07-11,21-10-00,Turbine A,2200,Location 1,34.0522,-118.2437,Region A,Online,Operations,20.36241,S,881.7928
17663,2024-07-11,21-10-00,Turbine B,2000,Location 2,36.7783,-119.4179,Region B,Online,Operations,8.60748,W,1386.93111
17664,2024-07-11,21-10-00,Turbine C,2500,Location 3,40.7128,-74.006,Region C,Online,Operations,6.20137,W,580.67623
17665,2024-07-11,21-20-00,Turbine A,2200,Location 1,34.0522,-118.2437,Region A,Online,Operations,13.06197,W,1005.36432
17666,2024-07-11,21-20-00,Turbine B,2000,Location 2,36.7783,-119.4179,Region B,Online,Operations,13.22888,E,1320.84705
17667,2024-07-11,21-20-00,Turbine C,2500,Location 3,40.7128,-74.006,Region C,Online,Operations,17.22746,E,597.78134
17668,2024-07-11,21-30-00,Turbine A,2200,Location 1,34.0522,-118.2437,Region A,Online,Operations,5.24635,E,1323.55234
17669,2024-07-11,21-30-00,Turbine B,2000,Location 2,36.7783,-119.4179,Region B,Online,Operations,3.27102,SW,628.37884
17670,2024-07-11,21-30-00,Turbine C,2500,Location 3,40.7128,-74.006,Region C,Online,Operations,17.64979,N,633.56468
17671,2024-07-11,21-40-00,Turbine A,2200,Location 1,34.0522,-118.2437,Region A,Online,Operations,7.11658,NW,853.12666
17672,2024-07-11,21-40-00,Turbine B,2000,Location 2,36.7783,-119.4179,Region B,Online,Operations,21.39129,N,1970.7977
17673,2024-07-11,21-40-00,Turbine C,2500,Location 3,40.7128,-74.006,Region C,Online,Operations,10.61545,NW,1717.99682
17674,2024-07-11,21-50-00,Turbine A,2200,Location 1,34.0522,-118.2437,Region A,Reactive Maintenance,Maintenance,13.35285,NW,0.0
17675,2024-07-11,21-50-00,Turbine B,2000,Location 2,36.7783,-119.4179,Region B,Online,Operations,14.932,S,1958.13013
17676,2024-07-11,21-50-00,Turbine C,2500,Location 3,40.7128,-74.006,Region C,Online,Operations,6.21075,NE,1199.16471
17677,2024-07-11,22-00-00,Turbine A,2200,Location 1,34.0522,-118.2437,Region A,Online,Operations,12.39732,S,1128.34577
17678,2024-07-11,22-00-00,Turbine B,2000,Location 2,36.7783,-119.4179,Region B,Online,Operations,13.8682,N,1365.8327
17679,2024-07-11,22-00-00,Turbine C,2500,Location 3,40.7128,-74.006,Region C,Online,Operations,23.19512,N,1856.42713
17680,2024-07-11,22-10-00,Turbine A,2200,Location 1,34.0522,-118.2437,Region A,Online,Operations,14.86747,NW,1205.55409
17681,2024-07-11,22-10-00,Turbine B,2000,Location 2,36.7783,-119.4179,Region B,Online,Operations,2.01913,NW,1810.50299
17682,2024-07-11,22-10-00,Turbine C,2500,Location 3,40.7128,-74.006,Region C,Online,Operations,4.22555,S,1296.64241
17683,2024-07-11,22-20-00,Turbine A,2200,Location 1,34.0522,-118.2437,Region A,Online,Operations,4.89205,S,960.10266
17684,2024-07-11,22-20-00,Turbine B,2000,Location 2,36.7783,-119.4179,Region B,Online,Operations,6.54233,N,956.62915
17685,2024-07-11,22-20-00,Turbine C,2500,Location 3,40.7128,-74.006,Region C,Online,Operations,10.69073,E,1711.68994
17686,2024-07-11,22-30-00,Turbine A,2200,Location 1,34.0522,-118.2437,Region A,Online,Operations,16.30843,SE,1547.00719
17687,2024-07-11,22-30-00,Turbine B,2000,Location 2,36.7783,-119.4179,Region B,Online,Operations,23.64127,E,1173.84271
17688,2024-07-11,22-30-00,Turbine C,2500,Location 3,40.7128,-74.006,Region C,Online,Operations,13.32326,SE,698.88186
17689,2024-07-11,22-40-00,Turbine A,2200,Location 1,34.0522,-118.2437,Region A,Reactive Maintenance,Maintenance,4.34375,SE,0.0
17690,2024-07-11,22-40-00,Turbine B,2000,Location 2,36.7783,-119.4179,Region B,Online,Operations,3.82207,E,901.39751
17691,2024-07-11,22-40-00,Turbine C,2500,Location 3,40.7128,-74.006,Region C,Online,Operations,6.37231,NW,1729.95173
17692,2024-07-11,22-50-00,Turbine A,2200,Location 1,34.0522,-118.2437,Region A,Online,Operations,11.42064,N,1267.13393
17693,2024-07-11,22-50-00,Turbine B,2000,Location 2,36.7783,-119.4179,Region B,Online,Operations,8.89583,E,678.91976
17694,2024-07-11,22-50-00,Turbine C,2500,Location 3,40.7128,-74.006,Region C,Online,Operations,20.80171,SE,1167.76076
17695,2024-07-11,23-00-00,Turbine A,2200,Location 1,34.0522,-118.2437,Region A,Online,Operations,5.7744,N,705.52716
17696,2024-07-11,23-00-00,Turbine B,2000,Location 2,36.7783,-119.4179,Region B,Online,Operations,16.43956,E,1535.25909
17697,2024-07-11,23-00-00,Turbine C,2500,Location 3,40.7128,-74.006,Region C,Online,Operations,13.1911,NE,1957.54883
17698,2024-07-11,23-10-00,Turbine A,2200,Location 1,34.0522,-118.2437,Region A,Online,Operations,11.30973,S,1382.63052
17699,2024-07-11,23-10-00,Turbine B,2000,Location 2,36.7783,-119.4179,Region B,Online,Operations,11.13352,N,1376.56863
17700,2024-07-11,23-10-00,Turbine C,2500,Location 3,40.7128,-74.006,Region C,Online,Operations,6.43204,N,1940.58751
17701,2024-07-11,23-20-00,Turbine A,2200,Location 1,34.0522,-118.2437,Region A,Online,Operations,18.53266,SW,1828.2062
17702,2024-07-11,23-20-00,Turbine B,2000,Location 2,36.7783,-119.4179,Region B,Online,Operations,6.97424,SE,1557.92812
17703,2024-07-11,23-20-00,Turbine C,2500,Location 3,40.7128,-74.006,Region C,Online,Operations,9.49072,SW,1253.80587
17704,2024-07-11,23-30-00,Turbine A,2200,Location 1,34.0522,-118.2437,Region A,Online,Operations,19.69748,NE,1604.63787
17705,2024-07-11,23-30-00,Turbine B,2000,Location 2,36.7783,-119.4179,Region B,Online,Operations,13.41077,SW,1278.91333
17706,2024-07-11,23-30-00,Turbine C,2500,Location 3,40.7128,-74.006,Region C,Online,Operations,6.53654,E,1178.05583
17707,2024-07-11,23-40-00,Turbine A,2200,Location 1,34.0522,-118.2437,Region A,Preventive Maintenance,Maintenance,15.55671,NW,0.0
17708,2024-07-11,23-40-00,Turbine B,2000,Location 2,36.7783,-119.4179,Region B,Online,Operations,12.27804,SE,776.69955
17709,2024-07-11,23-40-00,Turbine C,2500,Location 3,40.7128,-74.006,Region C,Online,Operations,4.70407,SE,1134.53547
17710,2024-07-11,23-50-00,Turbine A,2200,Location 1,34.0522,-118.2437,Region A,Online,Operations,11.86512,S,641.87811
17711,2024-07-11,23-50-00,Turbine B,2000,Location 2,36.7783,-119.4179,Region B,Online,Operations,4.78876,N,953.14299
17712,2024-07-11,23-50-00,Turbine C,2500,Location 3,40.7128,-74.006,Region C,Online,Operations,2.78743,NW,1963.07677
